first_name,last_name,password
Verge,Minichi,pG5~HnZnP_
Ines,Clover,kU1'qlG))H
Abdel,La Rosa,"lD7@""pzBONi#"
Avigdor,Pendergrast,iE7.7(vL(
Sibyl,Kemmey,oC0@pEOXiXP?'Y0
Dare,Kitching,yY1\R70={3V
Rosabel,Parish,oQ6`+i9u
Penn,Anan,dO3?aXdz+aN
Stacy,MacNess,"sK0""$(iasXI84(y"
Justinn,Webberley,mV7|JuJq4Q5
Chase,Bagger,"pO2,2Q=z2"
Kori,Wanka,fX8~c$bI_zt~|S
Leticia,Dmisek,"jW1,0mBfMuh=#vgV"
Shayna,Hawkswood,pK2>fMTdjk?
Ree,Frid,"xT5"")}*0SF'}""'"
Agnella,Clamp,fW4(e899PJZ)|u
Corinna,Climpson,qI3)#kufn3O!wb*
Adriane,Palister,cH5{SnTUsw
Joby,Rojahn,wW1/bycv*iuXr
Benedetto,Fullerlove,mA3'ZA`AbBx2lwv
Malorie,Jikylls,fF4'_2a.yqgzE
Sonny,Greenwood,qM8}=d6~w
Cassandra,Lesley,"oV0`,y`2$n"
Carlynne,Clayal,jI5/96RR=dVM~
Tam,Rathborne,"lI9{?$""gB#Zz"
Calli,Carek,oM3+2%>t#(%HD
Aaron,Witherbed,iK4<_nrr
Ivory,Udden,yM6~}u90
Caprice,Maghull,"lK9{+4""%|>%!q"
Birgit,Wallas,jV9?BDsl
Sada,Bunker,sN2~e.trLrQ9
Auberon,Richardt,"vL9)F,9JKA)GJB~|"
Zachary,Elstub,pL0=D/>@tK
Darsey,Lemonby,uX8=v@b<Z(VONP9
Zach,Walsh,eQ9?U>v7T0LA9x
Winslow,Remer,"nB6"">/dPZx"
Therine,Heady,gB7.*6MK6.1pbrun
Jasun,Ortler,eY9`RKk?KyxH
Brockie,Tellenbach,rB3~U2vXn0P5j
Julianna,Brotherhed,rY4~7y4R(vju`5p
Noami,Isson,oA1_RmdT'q/D<Hf
Daphne,Redmell,pZ5'1x9j
Brewster,Kirdsch,"eO4,4tB0TT0(z"
Vinny,Silverstone,aS2)SGY$/wF}l
Huey,Harkess,oR3$PBE=z*zf1m
Arnaldo,Marlowe,tC1@yTT$aew!)
Jacquenetta,Haggie,jI8`I{'9Qyt
Hayward,Belvin,gF9_o_<Q.hx*
Doria,Inglese,wB5@12.=3S8*
Ezequiel,Stoneham,"hO7+yt9ciX}"""
Erich,Chaudron,gR1%.g)T8a~1
Sol,Thaine,sT9}hP|WM(5C
Florella,Kleiner,eV3%<{X4C6R}zO?)
Leonard,Bierton,qP2=kZf_K!SW}CDY
Aviva,Deeney,jQ7_Ct%O7gg3v/
Dyan,Juzek,nC4.0m)Ksx)l
Janaye,Aldington,"hO5<,l@O`({buJ"
Luz,Brehault,sW6=r4&l!/6%uZ
Mora,Grayshon,mE8=A\RR/
Truda,Burgott,gY1$.QR%J7}Y$m18
Jonis,Bennit,dU3$!d{r+4/z+j
Orin,Ruggles,zD5?a&_GHdJ3C0@
Matthaeus,Judge,nI2}E=+HD*iSB
Rosana,Barsham,wY8>w!#O{&Ryp3/&
Koressa,Loveman,"rX9,L*\Z?<MVqB"
Lee,Petracci,cL7~RDmQFd3#Gv
Elvira,Turbefield,kG4>x}hGoFN
Nate,Langer,uP0*#`r!sqG
Derward,Canton,"mS6`apyfb,+&W9"
Jessee,Bambrough,qM6{AY6Ul33#
Jackie,Warters,"oW3,cV70g"
Carmella,Guidotti,aA2~yy|x>f0aLT
Gris,Sexon,uQ8*WRe60
Roxanna,Risso,hE2#Ejx?teGm
Esma,Triplett,"lK4|$/\w,3h"
Gerry,Gillbard,cB5)`+?81={
Gracie,Cleaver,rK8|ea5I
Hinze,O'Donoghue,"zK7""sL=o)8%8WZ"
Sadie,Pickersail,cB3>/k_kVt)CtSw
Cristionna,Bleibaum,nB8)A*k)@7_B('i
Gray,Fonteyne,pQ9~l_g$g
Candice,Whiskerd,cU2+RQ#RJGFk<}
Andriana,Harmson,hU3+N4tpzL
Hyacintha,Defond,rT8~$'229SxE>'
Sayers,Dybell,"sX3=,XlmF"
Kessia,Tallowin,"uL9.l)G""Y5I%G"
Blondell,Olexa,aR3+$'qP
Gerrie,Dufore,aG3>GRBB+PWf_9t
Etta,Thomann,sP2&<CXZ`k~g)
Ichabod,Benninck,"dG7`/,S&g4l+~"
Anson,Kingett,iV8@d&*mkZTA
Roxine,Greenly,"vR9!*tt""ge"
Maggie,Muddiman,"iF6>8CH,{~~/p"
Levin,Kester,mV1*_j00dU
Byran,Yosifov,bG3}l\Wg
Joyce,Middis,hW9|rpwiycV~#$}$
Sharon,Johanchon,xN3`g{N)
Adrian,Boseley,kS0*K#Z0
Carlo,Davisson,sM0{wUsSjZV}yW/
Barbie,Chinery,"jT6>0J9avA{Y""4"
Hermon,Bellows,"cH1*,,EMgY6"
Oralla,Powderham,"iF3`E0AK""ua"
Corbett,Ireland,vL4~\hRPhYes
Lorelei,Mulmuray,xB9@/qC$
Colly,Myner,uU8#B`%*J
Niki,Skitch,tG5=DHk4Wc959!ap
Christoper,Agate,oJ4&+03$T5FirK
Orren,Sallinger,dL8>F`+eQ1891OQ
Francene,Devanny,zW5/bi+d}*pT=
Alfreda,Isakovic,yG3.UL$U
Marley,Pride,vO5(VB@Fe~sL
Larine,Seefus,kA7`qLg'
Debra,Kigelman,iE4)7rn#z<jz
Goober,Chesworth,rT6=\Lj)rI!VM
Pietra,Rosensaft,pU1!|bI<
Nap,Bushen,dV8$Z$V4u64{`
Haze,Martinek,xI3?)Su(G*z%WV'S
Charlena,Baynes,lT4%}e`J82ah
Sly,Marousek,"kD4@k6)(E""&L}"
Maggee,Mathie,aN2\sV.WA
Ramsay,Atling,pC6(MuFJl$827
Hermon,Millson,fX1`/i`>\'>
Angeline,Emblow,"vN8,3gRx(R,j"
Ruthe,Mulligan,zY6+7R9G|H(k
Saunder,Meagh,xZ7{mnI~vw?K
Collete,Gerritsma,aO2&G_7r\
Donny,Duplan,pQ9{{%#L7Hm>
Ruttger,Triebner,eT0'VV<k5
Albrecht,Anker,jH4`3l??
Jojo,Spaunton,nL5~S/Q@1N+
Ferrel,O' Quirk,"pX2""xp9?+."
Tobit,Chill,"sY9<=""`J"
Luz,Easterfield,tW9*q1X&j*broJ>
Llywellyn,Cleaves,hX6=*25YE&CDo
Dena,Coping,kZ9!4WyY_
Bibbye,De Laspee,"uS1_i9_""PXU"
Cindra,Carlo,uM0=`?\1E6i6|@E
Averil,Kirckman,bV2#Vxb|F(ta!z8R
Kaycee,Vinnicombe,gH4~~{&Zl}tN1C%j
Dion,Bewshaw,kB6(RkwIW&%z|PM
Averyl,Spilisy,aJ4~@x7#iHmDw
Rodolphe,Coole,aB9#$~Nn7|riOK=S
Darnall,Meneyer,fE0&R6QX12N
Silvanus,Jewks,"iV9#9""{mrs""fQ"
Myca,Ashling,iE4/ujw.
Judd,Hoyle,vJ3.F/_=
Felita,Batho,tA5>lDC|9mPBZT
Harmon,Boler,"hH0~\""uCy"
Benedetta,Cully,mH4(=IDi6
Giulietta,Fitt,"tE3&a,/kmUX4"
Bertrando,Brotherton,bI6\<Wl2_07F
Mariya,Mackleden,nN0@b7cFDLq%q+
Beau,Birtley,qX1*RZrd&Z8}zA{
Sibylle,Gooding,cP3)|bFMkbYIWrBu
Merrill,Burkhill,"pE7|X,1G%>E"
Cindee,Maron,"jD8,OUqWw>`bG0f"
Austen,Redborn,bJ9#AgE)a=.=!zG
Nicoli,Dallon,iW4/+'k<xo%
Sheppard,Whitticks,"cX9""C}xM"
Orson,Macallam,yX4/7M1=J%=%?
Ario,Caddick,"vC8""R,2uK{'l5"
Beverly,Linneman,"vX7?V8S<fW4"""
Corene,Leckey,"tR4++4hq4pa!,|'"
Gerry,Norwell,"qR9""nPG<"
Bartlett,Kynman,eI5`.%zG7~YTf
Jacintha,Shulver,jD4_kbe|9
Iver,Trousdale,yP6./XZx4
Francene,Fawks,"bO6,66JcY"
Gizela,Betjeman,eF1?Raf{N&Cx9&T
Glen,Dahle,eE9/$GW%Z/5Sd
Bret,Iannini,sY2@jeDTY}3U
Haleigh,Kennler,gZ3@qyHsD?j/
Bellanca,Olijve,mJ1%=|!k!UQ
Kata,Ponter,eX3'%vP\
Adler,O'Reagan,uN6/O27f?bnn3.t0
Verne,McGhie,bW9{YO`adMOyLPyV
Alasdair,Becket,aU8(|L~&jc5qpK
Jephthah,Commusso,qD6~Em{)h10e
Skipton,Conkling,sV9$NBn+e`
Robinet,Chapman,rO4~P+e~E4%peOQ
Franklin,MacKeller,sN5{=Yk\~`
Emelen,Andress,mU3'R|bS*WXI
Hew,Finnimore,"cU3$DiU%RMi8""%Y"
Yoshiko,Rosensaft,gX4|\zeF
Sissie,Lumox,jO1{Fes!8h
Beverie,Boshier,qA5!oFKuMEs
Alanah,Thornbarrow,qK4+CWh}
Georgetta,Thunders,uZ1#/c{Q*qvDiN0
Emlyn,Curryer,xS6/!b<O{?'z
Roshelle,Cultcheth,xF9>1_E~OHixYm
Maryellen,Rook,iR9~}_c%Nnm7qPw
Antonietta,Copping,"kV9%Jt,#{aT"
Milty,Halliday,hZ5$S=>#c21<
Jefferey,Heaven,jT5)N+Qz}cWnSI
Sabrina,Haycox,cS9+wj`?~
Nikola,Fillery,aS3(++8h&e
Gabbie,Gilders,xA8&&Vq+|
Delinda,Fratczak,wH4$|.z03h#t
Cassondra,Blinckhorne,eF9!ce|*86
Charlean,Clyburn,"pI6_OAFslit4"")Yy"
